mc	mn	quarterbeats	quarterbeats_all_endings	duration_qb	mc_onset	mn_onset	event	timesig	staff	voice	duration	nominal_duration	scalar	chord_id
1	1	0	0	2.0	0	0	Chord	4/4	1	1	1/2	1/2	1	0
1	1	2	2	2.0	1/2	1/2	Chord	4/4	1	1	1/2	1/2	1	1
1	1	0	0	2.0	0	0	Chord	4/4	2	1	1/2	1/2	1	2
1	1	2	2	2.0	1/2	1/2	Chord	4/4	2	1	1/2	1/2	1	3
1	1	0	0	2.0	0	0	Chord	4/4	3	1	1/2	1/2	1	4
1	1	2	2	2.0	1/2	1/2	Chord	4/4	3	1	1/2	1/2	1	5
1	1	0	0	2.0	0	0	Chord	4/4	4	1	1/2	1/2	1	6
1	1	2	2	2.0	1/2	1/2	Chord	4/4	4	1	1/2	1/2	1	7
2	2	4	4	1.0	0	0	Chord	4/4	1	1	1/4	1/4	1	8
2	2	5	5	1.0	1/4	1/4	Chord	4/4	1	1	1/4	1/4	1	9
2	2	6	6	1.0	1/2	1/2	Chord	4/4	1	1	1/4	1/4	1	10
2	2	7	7	1.0	3/4	3/4	Chord	4/4	1	1	1/4	1/4	1	11
2	2	4	4	1.0	0	0	Chord	4/4	2	1	1/4	1/4	1	12
2	2	5	5	1.0	1/4	1/4	Chord	4/4	2	1	1/4	1/4	1	13
2	2	6	6	1.0	1/2	1/2	Chord	4/4	2	1	1/4	1/4	1	14
2	2	7	7	1.0	3/4	3/4	Chord	4/4	2	1	1/4	1/4	1	15
2	2	4	4	1.0	0	0	Chord	4/4	3	1	1/4	1/4	1	16
2	2	5	5	1.0	1/4	1/4	Chord	4/4	3	1	1/4	1/4	1	17
2	2	6	6	1.0	1/2	1/2	Chord	4/4	3	1	1/4	1/4	1	18
2	2	7	7	1.0	3/4	3/4	Chord	4/4	3	1	1/4	1/4	1	19
2	2	4	4	1.0	0	0	Chord	4/4	4	1	1/4	1/4	1	20
2	2	5	5	1.0	1/4	1/4	Chord	4/4	4	1	1/4	1/4	1	21
2	2	6	6	1.0	1/2	1/2	Chord	4/4	4	1	1/4	1/4	1	22
2	2	7	7	1.0	3/4	3/4	Chord	4/4	4	1	1/4	1/4	1	23
3	3	8	8	1.0	0	0	Chord	4/4	1	1	1/4	1/4	1	24
3	3	9	9	1.0	1/4	1/4	Chord	4/4	1	1	1/4	1/4	1	25
3	3	10	10	1.0	1/2	1/2	Chord	4/4	1	1	1/4	1/4	1	26
3	3	11	11	1.0	3/4	3/4	Chord	4/4	1	1	1/4	1/4	1	27
3	3	8	8	1.0	0	0	Chord	4/4	2	1	1/4	1/4	1	28
3	3	9	9	1.0	1/4	1/4	Chord	4/4	2	1	1/4	1/4	1	29
3	3	10	10	1.0	1/2	1/2	Chord	4/4	2	1	1/4	1/4	1	30
3	3	11	11	1.0	3/4	3/4	Chord	4/4	2	1	1/4	1/4	1	31
3	3	8	8	1.0	0	0	Chord	4/4	3	1	1/4	1/4	1	32
3	3	9	9	1.0	1/4	1/4	Chord	4/4	3	1	1/4	1/4	1	33
3	3	10	10	1.0	1/2	1/2	Chord	4/4	3	1	1/4	1/4	1	34
3	3	11	11	1.0	3/4	3/4	Chord	4/4	3	1	1/4	1/4	1	35
3	3	8	8	1.0	0	0	Chord	4/4	4	1	1/4	1/4	1	36
3	3	9	9	1.0	1/4	1/4	Chord	4/4	4	1	1/4	1/4	1	37
3	3	10	10	1.0	1/2	1/2	Chord	4/4	4	1	1/4	1/4	1	38
3	3	11	11	1.0	3/4	3/4	Chord	4/4	4	1	1/4	1/4	1	39
4	4	12	12	2.0	0	0	Chord	4/4	1	1	1/2	1/2	1	40
4	4	12	12	2.0	0	0	Chord	4/4	2	1	1/2	1/2	1	41
4	4	12	12	2.0	0	0	Chord	4/4	3	1	1/2	1/2	1	42
4	4	12	12	2.0	0	0	Chord	4/4	4	1	1/2	1/2	1	43
5	5	16	16	2.0	0	0	Chord	4/4	1	1	1/2	1/2	1	44
5	5	18	18	2.0	1/2	1/2	Chord	4/4	1	1	1/2	1/2	1	45
5	5	16	16	2.0	0	0	Chord	4/4	2	1	1/2	1/2	1	46
5	5	18	18	2.0	1/2	1/2	Chord	4/4	2	1	1/2	1/2	1	47
5	5	16	16	2.0	0	0	Chord	4/4	3	1	1/2	1/2	1	48
5	5	18	18	2.0	1/2	1/2	Chord	4/4	3	1	1/2	1/2	1	49
5	5	16	16	2.0	0	0	Chord	4/4	4	1	1/2	1/2	1	50
5	5	18	18	2.0	1/2	1/2	Chord	4/4	4	1	1/2	1/2	1	51
6	6	20	20	1.0	0	0	Chord	4/4	1	1	1/4	1/4	1	52
6	6	21	21	1.0	1/4	1/4	Chord	4/4	1	1	1/4	1/4	1	53
6	6	22	22	1.0	1/2	1/2	Chord	4/4	1	1	1/4	1/4	1	54
6	6	23	23	1.0	3/4	3/4	Chord	4/4	1	1	1/4	1/4	1	55
6	6	20	20	1.0	0	0	Chord	4/4	2	1	1/4	1/4	1	56
6	6	21	21	1.0	1/4	1/4	Chord	4/4	2	1	1/4	1/4	1	57
6	6	22	22	1.0	1/2	1/2	Chord	4/4	2	1	1/4	1/4	1	58
6	6	23	23	1.0	3/4	3/4	Chord	4/4	2	1	1/4	1/4	1	59
6	6	20	20	1.0	0	0	Chord	4/4	3	1	1/4	1/4	1	60
6	6	21	21	1.0	1/4	1/4	Chord	4/4	3	1	1/4	1/4	1	61
6	6	22	22	1.0	1/2	1/2	Chord	4/4	3	1	1/4	1/4	1	62
6	6	23	23	1.0	3/4	3/4	Chord	4/4	3	1	1/4	1/4	1	63
6	6	20	20	1.0	0	0	Chord	4/4	4	1	1/4	1/4	1	64
6	6	21	21	1.0	1/4	1/4	Chord	4/4	4	1	1/4	1/4	1	65
6	6	22	22	1.0	1/2	1/2	Chord	4/4	4	1	1/4	1/4	1	66
6	6	23	23	1.0	3/4	3/4	Chord	4/4	4	1	1/4	1/4	1	67
7	7	24	24	1.0	0	0	Chord	4/4	1	1	1/4	1/4	1	68
7	7	25	25	1.0	1/4	1/4	Chord	4/4	1	1	1/4	1/4	1	69
7	7	26	26	1.0	1/2	1/2	Chord	4/4	1	1	1/4	1/4	1	70
7	7	27	27	1.0	3/4	3/4	Chord	4/4	1	1	1/4	1/4	1	71
7	7	24	24	1.0	0	0	Chord	4/4	2	1	1/4	1/4	1	72
7	7	25	25	1.0	1/4	1/4	Chord	4/4	2	1	1/4	1/4	1	73
7	7	26	26	1.0	1/2	1/2	Chord	4/4	2	1	1/4	1/4	1	74
7	7	27	27	1.0	3/4	3/4	Chord	4/4	2	1	1/4	1/4	1	75
7	7	24	24	1.0	0	0	Chord	4/4	3	1	1/4	1/4	1	76
7	7	25	25	1.0	1/4	1/4	Chord	4/4	3	1	1/4	1/4	1	77
7	7	26	26	1.0	1/2	1/2	Chord	4/4	3	1	1/4	1/4	1	78
7	7	27	27	1.0	3/4	3/4	Chord	4/4	3	1	1/4	1/4	1	79
7	7	24	24	1.0	0	0	Chord	4/4	4	1	1/4	1/4	1	80
7	7	25	25	1.0	1/4	1/4	Chord	4/4	4	1	1/4	1/4	1	81
7	7	26	26	1.0	1/2	1/2	Chord	4/4	4	1	1/4	1/4	1	82
7	7	27	27	1.0	3/4	3/4	Chord	4/4	4	1	1/4	1/4	1	83
8	8	28	28	2.0	0	0	Chord	4/4	1	1	1/2	1/2	1	84
8	8	28	28	2.0	0	0	Chord	4/4	2	1	1/2	1/2	1	85
8	8	28	28	2.0	0	0	Chord	4/4	3	1	1/2	1/2	1	86
8	8	28	28	2.0	0	0	Chord	4/4	4	1	1/2	1/2	1	87
9	9	32	32	2.0	0	0	Chord	4/4	1	1	1/2	1/2	1	88
9	9	34	34	2.0	1/2	1/2	Chord	4/4	1	1	1/2	1/2	1	89
9	9	32	32	2.0	0	0	Chord	4/4	2	1	1/2	1/2	1	90
9	9	34	34	2.0	1/2	1/2	Chord	4/4	2	1	1/2	1/2	1	91
9	9	32	32	2.0	0	0	Chord	4/4	3	1	1/2	1/2	1	92
9	9	34	34	2.0	1/2	1/2	Chord	4/4	3	1	1/2	1/2	1	93
9	9	32	32	2.0	0	0	Chord	4/4	4	1	1/2	1/2	1	94
9	9	34	34	2.0	1/2	1/2	Chord	4/4	4	1	1/2	1/2	1	95
10	10	36	36	1.0	0	0	Chord	4/4	1	1	1/4	1/4	1	96
10	10	37	37	1.0	1/4	1/4	Chord	4/4	1	1	1/4	1/4	1	97
10	10	38	38	1.0	1/2	1/2	Chord	4/4	1	1	1/4	1/4	1	98
10	10	39	39	1.0	3/4	3/4	Chord	4/4	1	1	1/4	1/4	1	99
10	10	36	36	1.0	0	0	Chord	4/4	2	1	1/4	1/4	1	100
10	10	37	37	1.0	1/4	1/4	Chord	4/4	2	1	1/4	1/4	1	101
10	10	38	38	1.0	1/2	1/2	Chord	4/4	2	1	1/4	1/4	1	102
10	10	39	39	1.0	3/4	3/4	Chord	4/4	2	1	1/4	1/4	1	103
10	10	36	36	1.0	0	0	Chord	4/4	3	1	1/4	1/4	1	104
10	10	37	37	1.0	1/4	1/4	Chord	4/4	3	1	1/4	1/4	1	105
10	10	38	38	1.0	1/2	1/2	Chord	4/4	3	1	1/4	1/4	1	106
10	10	39	39	1.0	3/4	3/4	Chord	4/4	3	1	1/4	1/4	1	107
10	10	36	36	1.0	0	0	Chord	4/4	4	1	1/4	1/4	1	108
10	10	37	37	1.0	1/4	1/4	Chord	4/4	4	1	1/4	1/4	1	109
10	10	38	38	1.0	1/2	1/2	Chord	4/4	4	1	1/4	1/4	1	110
10	10	39	39	1.0	3/4	3/4	Chord	4/4	4	1	1/4	1/4	1	111
11	11	40	40	1.0	0	0	Chord	4/4	1	1	1/4	1/4	1	112
11	11	41	41	1.0	1/4	1/4	Chord	4/4	1	1	1/4	1/4	1	113
11	11	42	42	1.0	1/2	1/2	Chord	4/4	1	1	1/4	1/4	1	114
11	11	43	43	1.0	3/4	3/4	Chord	4/4	1	1	1/4	1/4	1	115
11	11	40	40	1.0	0	0	Chord	4/4	2	1	1/4	1/4	1	116
11	11	41	41	1.0	1/4	1/4	Chord	4/4	2	1	1/4	1/4	1	117
11	11	42	42	1.0	1/2	1/2	Chord	4/4	2	1	1/4	1/4	1	118
11	11	43	43	1.0	3/4	3/4	Chord	4/4	2	1	1/4	1/4	1	119
11	11	40	40	1.0	0	0	Chord	4/4	3	1	1/4	1/4	1	120
11	11	41	41	1.0	1/4	1/4	Chord	4/4	3	1	1/4	1/4	1	121
11	11	42	42	1.0	1/2	1/2	Chord	4/4	3	1	1/4	1/4	1	122
11	11	43	43	1.0	3/4	3/4	Chord	4/4	3	1	1/4	1/4	1	123
11	11	40	40	1.0	0	0	Chord	4/4	4	1	1/4	1/4	1	124
11	11	41	41	1.0	1/4	1/4	Chord	4/4	4	1	1/4	1/4	1	125
11	11	42	42	1.0	1/2	1/2	Chord	4/4	4	1	1/4	1/4	1	126
11	11	43	43	1.0	3/4	3/4	Chord	4/4	4	1	1/4	1/4	1	127
12	12	44	44	2.0	0	0	Chord	4/4	1	1	1/2	1/2	1	128
12	12	44	44	2.0	0	0	Chord	4/4	2	1	1/2	1/2	1	129
12	12	44	44	2.0	0	0	Chord	4/4	3	1	1/2	1/2	1	130
12	12	44	44	2.0	0	0	Chord	4/4	4	1	1/2	1/2	1	131
13	13	48	48	2.0	0	0	Chord	4/4	1	1	1/2	1/2	1	132
13	13	50	50	2.0	1/2	1/2	Chord	4/4	1	1	1/2	1/2	1	133
13	13	48	48	2.0	0	0	Chord	4/4	2	1	1/2	1/2	1	134
13	13	50	50	2.0	1/2	1/2	Chord	4/4	2	1	1/2	1/2	1	135
13	13	48	48	2.0	0	0	Chord	4/4	3	1	1/2	1/2	1	136
13	13	50	50	2.0	1/2	1/2	Chord	4/4	3	1	1/2	1/2	1	137
13	13	48	48	2.0	0	0	Chord	4/4	4	1	1/2	1/2	1	138
13	13	50	50	2.0	1/2	1/2	Chord	4/4	4	1	1/2	1/2	1	139
14	14	52	52	1.0	0	0	Chord	4/4	1	1	1/4	1/4	1	140
14	14	53	53	1.0	1/4	1/4	Chord	4/4	1	1	1/4	1/4	1	141
14	14	54	54	2.0	1/2	1/2	Chord	4/4	1	1	1/2	1/2	1	142
14	14	52	52	1.0	0	0	Chord	4/4	2	1	1/4	1/4	1	143
14	14	53	53	1.0	1/4	1/4	Chord	4/4	2	1	1/4	1/4	1	144
14	14	54	54	2.0	1/2	1/2	Chord	4/4	2	1	1/2	1/2	1	145
14	14	52	52	1.0	0	0	Chord	4/4	3	1	1/4	1/4	1	146
14	14	53	53	1.0	1/4	1/4	Chord	4/4	3	1	1/4	1/4	1	147
14	14	54	54	2.0	1/2	1/2	Chord	4/4	3	1	1/2	1/2	1	148
14	14	52	52	1.0	0	0	Chord	4/4	4	1	1/4	1/4	1	149
14	14	53	53	1.0	1/4	1/4	Chord	4/4	4	1	1/4	1/4	1	150
14	14	54	54	2.0	1/2	1/2	Chord	4/4	4	1	1/2	1/2	1	151
15	15	56	56	1.0	0	0	Chord	4/4	1	1	1/4	1/4	1	152
15	15	57	57	2.0	1/4	1/4	Chord	4/4	1	1	1/2	1/2	1	153
15	15	59	59	1.0	3/4	3/4	Chord	4/4	1	1	1/4	1/4	1	154
15	15	56	56	1.0	0	0	Chord	4/4	2	1	1/4	1/4	1	155
15	15	57	57	2.0	1/4	1/4	Chord	4/4	2	1	1/2	1/2	1	156
15	15	59	59	1.0	3/4	3/4	Chord	4/4	2	1	1/4	1/4	1	157
15	15	56	56	1.0	0	0	Chord	4/4	3	1	1/4	1/4	1	158
15	15	57	57	2.0	1/4	1/4	Chord	4/4	3	1	1/2	1/2	1	159
15	15	59	59	1.0	3/4	3/4	Chord	4/4	3	1	1/4	1/4	1	160
15	15	56	56	1.0	0	0	Chord	4/4	4	1	1/4	1/4	1	161
15	15	57	57	2.0	1/4	1/4	Chord	4/4	4	1	1/2	1/2	1	162
15	15	59	59	1.0	3/4	3/4	Chord	4/4	4	1	1/4	1/4	1	163
16	16	60	60	1.0	0	0	Chord	4/4	1	1	1/4	1/4	1	164
16	16	61	61	1.0	1/4	1/4	Chord	4/4	1	1	1/4	1/4	1	165
16	16	62	62	2.0	1/2	1/2	Chord	4/4	1	1	1/2	1/2	1	166
16	16	60	60	1.0	0	0	Chord	4/4	2	1	1/4	1/4	1	167
16	16	61	61	1.0	1/4	1/4	Chord	4/4	2	1	1/4	1/4	1	168
16	16	62	62	2.0	1/2	1/2	Chord	4/4	2	1	1/2	1/2	1	169
16	16	60	60	1.0	0	0	Chord	4/4	3	1	1/4	1/4	1	170
16	16	61	61	2.0	1/4	1/4	Chord	4/4	3	1	1/2	1/2	1	171
16	16	63	63	1.0	3/4	3/4	Chord	4/4	3	1	1/4	1/4	1	172
16	16	60	60	1.0	0	0	Chord	4/4	4	1	1/4	1/4	1	173
16	16	61	61	1.0	1/4	1/4	Chord	4/4	4	1	1/4	1/4	1	174
16	16	62	62	2.0	1/2	1/2	Chord	4/4	4	1	1/2	1/2	1	175
17	17	64	64	4.0	0	0	Chord	4/4	1	1	1	1	1	176
17	17	64	64	4.0	0	0	Chord	4/4	2	1	1	1	1	177
17	17	64	64	4.0	0	0	Chord	4/4	3	1	1	1	1	178
17	17	64	64	4.0	0	0	Chord	4/4	4	1	1	1	1	179
